USE master
GO

USE Hamburgueseria
GO
--CLIENTES QUE SOLICITARON PEDIDO
INSERT INTO CLIENTE(IdCliente,ApeCliente,NomCliente,EmailCliente,TelCliente,DirCliente) Values(101, 'Pérez', 'Juan','juan.perez@gmail.com', '555-1234', 'Calle Principal 123')
INSERT INTO CLIENTE(IdCliente,ApeCliente,NomCliente,EmailCliente,TelCliente,DirCliente) Values(102, 'Gómez', 'María','maria.gonzalez@gmail.com', '555-5678', 'Avenida Central 456')
INSERT INTO CLIENTE(IdCliente,ApeCliente,NomCliente,EmailCliente,TelCliente,DirCliente) Values(104, 'López', 'Carlos','Carlos.lopez@gmail.com', '555-9876', 'Plaza Mayor 789')
INSERT INTO CLIENTE(IdCliente,ApeCliente,NomCliente,EmailCliente,TelCliente,DirCliente) Values(107, 'Rodríguez', 'Laura','Laura.Rodríguez@gmail.com', '555-4321', 'Calle Secundaria 321')
INSERT INTO CLIENTE(IdCliente,ApeCliente,NomCliente,EmailCliente,TelCliente,DirCliente) Values(108, 'Martínez', 'Andrés','Andrés.Martínez@gmail.com', '555-8765', 'Avenida Norte 654')
INSERT INTO CLIENTE(IdCliente,ApeCliente,NomCliente,EmailCliente,TelCliente,DirCliente) Values(109, 'Hernández', 'Ana','Ana.Hernandez@gmail.com', '555-2109', 'Calle Principal 987')
INSERT INTO CLIENTE(IdCliente,ApeCliente,NomCliente,EmailCliente,TelCliente,DirCliente) Values(111, 'García', 'Pedro','Garcia.Pedro@gmail.com', '555-7654', 'Avenida Central 654')
INSERT INTO CLIENTE(IdCliente,ApeCliente,NomCliente,EmailCliente,TelCliente,DirCliente) Values(112, 'Fernández', 'Luisa','fernandez.Luisa@gmail.com', '555-1098', 'Plaza Mayor 321')
INSERT INTO CLIENTE(IdCliente,ApeCliente,NomCliente,EmailCliente,TelCliente,DirCliente) Values(117, 'Torres', 'Sofía','sofia.torres@gmail.com', '555-5432', 'Calle Secundaria 890')
INSERT INTO CLIENTE(IdCliente,ApeCliente,NomCliente,EmailCliente,TelCliente,DirCliente) Values(119, 'Rojas', 'Daniel','Daniel.Rojas@gmail.com', '555-8901', 'Avenida Norte 567')
INSERT INTO CLIENTE(IdCliente,ApeCliente,NomCliente,EmailCliente,TelCliente,DirCliente) Values(123, 'Sánchez', 'Valeria','Valeria.sanchez@gmail.com', '555-2345', 'Calle Principal 210')
INSERT INTO CLIENTE(IdCliente,ApeCliente,NomCliente,EmailCliente,TelCliente,DirCliente) Values(124, 'González', 'Mario','Mario.gonzalez@gmail.com', '555-6789', 'Avenida Central 987')
INSERT INTO CLIENTE(IdCliente,ApeCliente,NomCliente,EmailCliente,TelCliente,DirCliente) Values(126, 'Vargas', 'Carolina','Vargas.Carolina@gmail.com', '555-0987', 'Plaza Mayor 654')
INSERT INTO CLIENTE(IdCliente,ApeCliente,NomCliente,EmailCliente,TelCliente,DirCliente) Values(128, 'Mendoza', 'Jorge','marcela.Jorge@gmail.com', '555-5432', 'Calle Secundaria 321')
INSERT INTO CLIENTE(IdCliente,ApeCliente,NomCliente,EmailCliente,TelCliente,DirCliente) Values(129, 'Rivera', 'Esteban','esteban.fernandez@gmail.com', '555-8901', 'Avenida Norte 789')
INSERT INTO CLIENTE(IdCliente,ApeCliente,NomCliente,EmailCliente,TelCliente,DirCliente) Values(131, 'López', 'Santiago','santiago.hernandez@gmail.com', '555-1234', 'Calle Principal 123')
INSERT INTO CLIENTE(IdCliente,ApeCliente,NomCliente,EmailCliente,TelCliente,DirCliente) Values(132, 'García', 'Pablo','pablo.soto@gmail.com', '555-5678', 'Avenida Central 456')
INSERT INTO CLIENTE(IdCliente,ApeCliente,NomCliente,EmailCliente,TelCliente,DirCliente) Values(133, 'Hernández', 'Daniela','Daniela.ruiz@gmail.com', '555-9876', 'Plaza Mayor 789')
INSERT INTO CLIENTE(IdCliente,ApeCliente,NomCliente,EmailCliente,TelCliente,DirCliente) Values(134, 'Sánchez', 'Miguel','Delgado.miguel200@gmail.com', '555-4321', 'Calle Secundaria 321')
INSERT INTO CLIENTE(IdCliente,ApeCliente,NomCliente,EmailCliente,TelCliente,DirCliente) Values(135, 'Martínez', 'Isabella','isabella.Martinez@gmail.com', '555-8765', 'Avenida Norte 654')
INSERT INTO CLIENTE(IdCliente,ApeCliente,NomCliente,EmailCliente,TelCliente,DirCliente) Values(136, 'Rojas', 'Matías','Matias.torres@gmail.com', '555-2109', 'Calle Principal 987')
INSERT INTO CLIENTE(IdCliente,ApeCliente,NomCliente,EmailCliente,TelCliente,DirCliente) Values(137, 'González', 'Sara','Sara.diaz@gmail.com', '555-7654', 'Avenida Central 654')
INSERT INTO CLIENTE(IdCliente,ApeCliente,NomCliente,EmailCliente,TelCliente,DirCliente) Values(138, 'Fernández', 'Emilio','Emilio.fernandez@gmail.com', '555-1098', 'Plaza Mayor 321')
INSERT INTO CLIENTE(IdCliente,ApeCliente,NomCliente,EmailCliente,TelCliente,DirCliente) Values(139, 'Torres', 'Diego','Diego.campos@gmail.com', '555-5432', 'Calle Secundaria 890')
INSERT INTO CLIENTE(IdCliente,ApeCliente,NomCliente,EmailCliente,TelCliente,DirCliente) Values(140, 'Sánchez', 'Melanie','melanie.perez@gmail.com', '555-8901', 'Avenida Norte 567')
INSERT INTO CLIENTE(IdCliente,ApeCliente,NomCliente,EmailCliente,TelCliente,DirCliente) Values(141, 'Mendoza', 'Renata','Renata.jimenez@gmail.com', '555-2345', 'Calle Principal 210')
INSERT INTO CLIENTE(IdCliente,ApeCliente,NomCliente,EmailCliente,TelCliente,DirCliente) Values(142, 'García', 'Mariana','mariana.Garcia@gmail.com', '555-6789', 'Avenida Central 987')
INSERT INTO CLIENTE(IdCliente,ApeCliente,NomCliente,EmailCliente,TelCliente,DirCliente) Values(143, 'Vargas', 'Camila','ana.Vargas@gmail.com', '555-0987', 'Plaza Mayor 654')
INSERT INTO CLIENTE(IdCliente,ApeCliente,NomCliente,EmailCliente,TelCliente,DirCliente) Values(144, 'Pérez', 'Emilia','Emilia.gonzalez@gmail.com', '555-5432', 'Calle Secundaria 321')
INSERT INTO CLIENTE(IdCliente,ApeCliente,NomCliente,EmailCliente,TelCliente,DirCliente) Values(145, 'Rivera', 'Sebastián','sebastian.laos@gmail.com', '555-8901', 'Avenida Norte 789')

--CLIENTES QUE COMPRARON EN TIENDA
INSERT INTO CLIENTE(IdCliente,ApeCliente,NomCliente,EmailCliente,TelCliente,DirCliente) Values(103, 'Pérez', 'Juan','luisa.velez@gmail.com', NULL, NULL)
INSERT INTO CLIENTE(IdCliente,ApeCliente,NomCliente,EmailCliente,TelCliente,DirCliente) Values(105, 'Gómez', 'María','fernando.garcia@gmail.com', '555-5678', NULL)
INSERT INTO CLIENTE(IdCliente,ApeCliente,NomCliente,EmailCliente,TelCliente,DirCliente) Values(106, 'López', 'Carlos','juan.arias@gmail.com', '555-9876', NULL)
INSERT INTO CLIENTE(IdCliente,ApeCliente,NomCliente,EmailCliente,TelCliente,DirCliente) Values(110, 'Rodríguez', 'Laura','felipe.garcia@gmail.com', NULL, NULL)
INSERT INTO CLIENTE(IdCliente,ApeCliente,NomCliente,EmailCliente,TelCliente,DirCliente) Values(113, 'Martínez', 'Andrés','andrea.rojas@gmail.com', '555-8765', NULL)
INSERT INTO CLIENTE(IdCliente,ApeCliente,NomCliente,EmailCliente,TelCliente,DirCliente) Values(114, 'Hernández', 'Ana','camila.lopez@gmail.com', '555-2109', NULL)
INSERT INTO CLIENTE(IdCliente,ApeCliente,NomCliente,EmailCliente,TelCliente,DirCliente) Values(115, 'Lopez', 'Pedro','andres.navarro@gmail.com', '555-7654', NULL)
INSERT INTO CLIENTE(IdCliente,ApeCliente,NomCliente,EmailCliente,TelCliente,DirCliente) Values(116, 'Fernández', 'Luisa','valentina.lopez@gmail.com', NULL, NULL)
INSERT INTO CLIENTE(IdCliente,ApeCliente,NomCliente,EmailCliente,TelCliente,DirCliente) Values(118, 'Torres', 'David','david.perez@gmail.com', '555-5432', NULL)
INSERT INTO CLIENTE(IdCliente,ApeCliente,NomCliente,EmailCliente,TelCliente,DirCliente) Values(120, 'Rojas', 'Daniel','Daniel.sanchez@gmail.com', NULL, NULL)
INSERT INTO CLIENTE(IdCliente,ApeCliente,NomCliente,EmailCliente,TelCliente,DirCliente) Values(121, 'Sánchez', 'Valeria','valeria.ortiz@gmail.com', '555-2345', NULL)
INSERT INTO CLIENTE(IdCliente,ApeCliente,NomCliente,EmailCliente,TelCliente,DirCliente) Values(122, 'González', 'Mario','Mario.ramirez@gmail.com', '555-6789', NULL)
INSERT INTO CLIENTE(IdCliente,ApeCliente,NomCliente,EmailCliente,TelCliente,DirCliente) Values(125, 'Vargas', 'Miguel','miguel.torres@gmail.com', '555-0987', NULL)
INSERT INTO CLIENTE(IdCliente,ApeCliente,NomCliente,EmailCliente,TelCliente,DirCliente) Values(127, 'Mendoza', 'Jorge','Jorge.gonzalez@gmail.com', '555-5432', NULL)
INSERT INTO CLIENTE(IdCliente,ApeCliente,NomCliente,EmailCliente,TelCliente,DirCliente) Values(130, 'Rivera', 'Marcela','marcela.navarro@gmail.com', NULL, NULL)

--DATOS DE LOS CAJEROS
INSERT INTO CAJERO(IdCajero,ApeCajero,NomCajero,TelCajero,DirCajero) Values(1001, 'Gómez', 'Juan', '555-1234', 'Calle Principal 123')
INSERT INTO CAJERO(IdCajero,ApeCajero,NomCajero,TelCajero,DirCajero) Values(1002, 'López', 'María', NULL, 'Avenida Central 456')
INSERT INTO CAJERO(IdCajero,ApeCajero,NomCajero,TelCajero,DirCajero) Values(1003, 'Hernández', 'Carlos', '555-9876', NULL)
INSERT INTO CAJERO(IdCajero,ApeCajero,NomCajero,TelCajero,DirCajero) Values(1004, 'Fernández', 'Laura', '555-4321', 'Calle Secundaria 321')
INSERT INTO CAJERO(IdCajero,ApeCajero,NomCajero,TelCajero,DirCajero) Values(1005, 'Torres', 'Andrés', NULL, 'Avenida Norte 654')
INSERT INTO CAJERO(IdCajero,ApeCajero,NomCajero,TelCajero,DirCajero) Values(1006, 'Rojas', 'Ana', NULL, NULL)
INSERT INTO CAJERO(IdCajero,ApeCajero,NomCajero,TelCajero,DirCajero) Values(1007, 'Martínez', 'Pedro', NULL, 'Avenida Central 654')
INSERT INTO CAJERO(IdCajero,ApeCajero,NomCajero,TelCajero,DirCajero) Values(1008, 'González', 'Luisa', '555-1098', 'Plaza Mayor 321')
INSERT INTO CAJERO(IdCajero,ApeCajero,NomCajero,TelCajero,DirCajero) Values(1009, 'Sánchez', 'Sofía', NULL, 'Calle Secundaria 890')
INSERT INTO CAJERO(IdCajero,ApeCajero,NomCajero,TelCajero,DirCajero) Values(1010, 'Ramírez', 'Daniel', '555-8901', NULL)

--DATOS DE LAS TIENDAS
INSERT INTO TIENDA(CodTienda,TelTienda,DirTienda) Values(001, '555-1234', 'Calle Principal 123')
INSERT INTO TIENDA(CodTienda,TelTienda,DirTienda) Values(002, '555-5678', 'Avenida Central 456')
INSERT INTO TIENDA(CodTienda,TelTienda,DirTienda) Values(003, '555-9876', 'Plaza Mayor 789')
INSERT INTO TIENDA(CodTienda,TelTienda,DirTienda) Values(004, '555-4321', 'Calle Secundaria 321')

--DATOS DE LOS REPARTIDORES
INSERT INTO REPARTIDOR(IdRepartidor,CodTienda,ApeRepartidor,NomRepartidor,VehiRepartidor,TelRepartidor) Values(1, 001, 'Gómez', 'Juan', 'Bicicleta', '555-123-456')
INSERT INTO REPARTIDOR(IdRepartidor,CodTienda,ApeRepartidor,NomRepartidor,VehiRepartidor,TelRepartidor) Values(2, 001, 'López', 'María', 'Moto', '555-567-890')
INSERT INTO REPARTIDOR(IdRepartidor,CodTienda,ApeRepartidor,NomRepartidor,VehiRepartidor,TelRepartidor) Values(3, 001, 'Hernández', 'Carlos', NULL, '555-987-654')
INSERT INTO REPARTIDOR(IdRepartidor,CodTienda,ApeRepartidor,NomRepartidor,VehiRepartidor,TelRepartidor) Values(4, 001, 'Fernández', 'Laura', 'Moto', '555-432-109')
INSERT INTO REPARTIDOR(IdRepartidor,CodTienda,ApeRepartidor,NomRepartidor,VehiRepartidor,TelRepartidor) Values(5, 002, 'Torres', 'Andrés', 'Bicicleta', '555-876-543')
INSERT INTO REPARTIDOR(IdRepartidor,CodTienda,ApeRepartidor,NomRepartidor,VehiRepartidor,TelRepartidor) Values(6, 002, 'García', 'Pedro', 'Moto', '555-123-456')
INSERT INTO REPARTIDOR(IdRepartidor,CodTienda,ApeRepartidor,NomRepartidor,VehiRepartidor,TelRepartidor) Values(7, 002, 'Martínez', 'Luisa', 'Bicicleta', '555-567-890')
INSERT INTO REPARTIDOR(IdRepartidor,CodTienda,ApeRepartidor,NomRepartidor,VehiRepartidor,TelRepartidor) Values(8, 002, 'Rojas', 'Sofía', 'Moto', '555-987-654')
INSERT INTO REPARTIDOR(IdRepartidor,CodTienda,ApeRepartidor,NomRepartidor,VehiRepartidor,TelRepartidor) Values(9, 003, 'Sánchez', 'Daniel', 'Bicicleta', '555-432-109')
INSERT INTO REPARTIDOR(IdRepartidor,CodTienda,ApeRepartidor,NomRepartidor,VehiRepartidor,TelRepartidor) Values(10, 003, 'Mendoza', 'Marcela', NULL, '555-876-543')
INSERT INTO REPARTIDOR(IdRepartidor,CodTienda,ApeRepartidor,NomRepartidor,VehiRepartidor,TelRepartidor) Values(11, 003, 'Gómez', 'Mario', 'Bicicleta', '555-123-456')
INSERT INTO REPARTIDOR(IdRepartidor,CodTienda,ApeRepartidor,NomRepartidor,VehiRepartidor,TelRepartidor) Values(12, 003, 'López', 'Carolina', 'Moto', '555-567-890')
INSERT INTO REPARTIDOR(IdRepartidor,CodTienda,ApeRepartidor,NomRepartidor,VehiRepartidor,TelRepartidor) Values(13, 004, 'Hernández', 'Jorge', 'Bicicleta', '555-987-654')
INSERT INTO REPARTIDOR(IdRepartidor,CodTienda,ApeRepartidor,NomRepartidor,VehiRepartidor,TelRepartidor) Values(14, 004, 'Fernández', 'María', 'Moto', '555-432-109')
INSERT INTO REPARTIDOR(IdRepartidor,CodTienda,ApeRepartidor,NomRepartidor,VehiRepartidor,TelRepartidor) Values(15, 004, 'Torres', 'Valeria', NULL, '555-876-543')
INSERT INTO REPARTIDOR(IdRepartidor,CodTienda,ApeRepartidor,NomRepartidor,VehiRepartidor,TelRepartidor) Values(16, 004, 'García', 'Jorge', 'Moto', '555-123-456')

--DATOS DE LOS PEDIDOS
INSERT INTO PEDIDO(IdCliente,IdRepartidor,MetPagoPedido,TipPedido,CantiHamPedido,FechaPedido,TermEntrePedido,TermPagoPedido) Values(101, 1, 'Efectivo', 'Delivery', 1, '20230218', 'Entrega rápida', 'Pago al recibir');
INSERT INTO PEDIDO(IdCliente,IdRepartidor,MetPagoPedido,TipPedido,CantiHamPedido,FechaPedido,TermEntrePedido,TermPagoPedido) Values(102, 2, 'Tarjeta', 'Delivery', 2, '20230630', 'Entrega puntual', 'Pago anticipado')
INSERT INTO PEDIDO(IdCliente,IdRepartidor,MetPagoPedido,TipPedido,CantiHamPedido,FechaPedido,TermEntrePedido,TermPagoPedido) Values(104, 3, 'Efectivo', 'Delivery', 1 , '20230404', 'Entrega exprés', 'Pago al recibir')
INSERT INTO PEDIDO(IdCliente,IdRepartidor,MetPagoPedido,TipPedido,CantiHamPedido,FechaPedido,TermEntrePedido,TermPagoPedido) Values(107, 4, 'Tarjeta', 'Delivery', 4, '20230127', 'Entrega programada', 'Pago anticipado')
INSERT INTO PEDIDO(IdCliente,IdRepartidor,MetPagoPedido,TipPedido,CantiHamPedido,FechaPedido,TermEntrePedido,TermPagoPedido) Values(145, 5, 'Efectivo', 'Delivery', 3, '20230511', 'Entrega urgente', 'Pago al recibir')
INSERT INTO PEDIDO(IdCliente,IdRepartidor,MetPagoPedido,TipPedido,CantiHamPedido,FechaPedido,TermEntrePedido,TermPagoPedido) Values(109, 6, 'Efectivo', 'Delivery', 2, '20230310', 'Entrega prioritaria', 'Pago al recibir')
INSERT INTO PEDIDO(IdCliente,IdRepartidor,MetPagoPedido,TipPedido,CantiHamPedido,FechaPedido,TermEntrePedido,TermPagoPedido) Values(111, 7, 'Tarjeta', 'Delivery', 2, '20230110', 'Entrega rápida', 'Pago anticipado')
INSERT INTO PEDIDO(IdCliente,IdRepartidor,MetPagoPedido,TipPedido,CantiHamPedido,FechaPedido,TermEntrePedido,TermPagoPedido) Values(112, 8, 'Efectivo', 'Delivery', 1, '20230519', 'Entrega puntual', 'Pago al recibir')
INSERT INTO PEDIDO(IdCliente,IdRepartidor,MetPagoPedido,TipPedido,CantiHamPedido,FechaPedido,TermEntrePedido,TermPagoPedido) Values(117, 9, 'Efectivo', 'Delivery', 2, '20230601', 'Entrega exprés', 'Pago al recibir')
INSERT INTO PEDIDO(IdCliente,IdRepartidor,MetPagoPedido,TipPedido,CantiHamPedido,FechaPedido,TermEntrePedido,TermPagoPedido) Values(119, 10, 'Tarjeta', 'Delivery', 6, '20230326', 'Entrega programada', 'Pago anticipado')
INSERT INTO PEDIDO(IdCliente,IdRepartidor,MetPagoPedido,TipPedido,CantiHamPedido,FechaPedido,TermEntrePedido,TermPagoPedido) Values(123, 11, 'Efectivo', 'Delivery', 2, '20230421', 'Entrega urgente', 'Pago al recibir')
INSERT INTO PEDIDO(IdCliente,IdRepartidor,MetPagoPedido,TipPedido,CantiHamPedido,FechaPedido,TermEntrePedido,TermPagoPedido) Values(124, 12, 'Tarjeta', 'Delivery', 1, '20230529', 'Entrega prioritaria', 'Pago anticipado')
INSERT INTO PEDIDO(IdCliente,IdRepartidor,MetPagoPedido,TipPedido,CantiHamPedido,FechaPedido,TermEntrePedido,TermPagoPedido) Values(126, 13, 'Efectivo', 'Delivery', 3, '20230108', 'Entrega rápida', 'Pago al recibir')
INSERT INTO PEDIDO(IdCliente,IdRepartidor,MetPagoPedido,TipPedido,CantiHamPedido,FechaPedido,TermEntrePedido,TermPagoPedido) Values(128, 14, 'Efectivo', 'Delivery', 2, '20230215', 'Entrega puntual', 'Pago al recibir')
INSERT INTO PEDIDO(IdCliente,IdRepartidor,MetPagoPedido,TipPedido,CantiHamPedido,FechaPedido,TermEntrePedido,TermPagoPedido) Values(129, 15, 'Tarjeta', 'Delivery', 1, '20230414', 'Entrega exprés', 'Pago anticipado')
INSERT INTO PEDIDO(IdCliente,IdRepartidor,MetPagoPedido,TipPedido,CantiHamPedido,FechaPedido,TermEntrePedido,TermPagoPedido) Values(131, 1, 'Efectivo', 'Delivery', 2, '20230116', 'Entrega rápida', 'Pago al recibir')
INSERT INTO PEDIDO(IdCliente,IdRepartidor,MetPagoPedido,TipPedido,CantiHamPedido,FechaPedido,TermEntrePedido,TermPagoPedido) Values(132, 2, 'Tarjeta', 'Delivery', 3, '20230318', 'Entrega puntual', 'Pago anticipado')
INSERT INTO PEDIDO(IdCliente,IdRepartidor,MetPagoPedido,TipPedido,CantiHamPedido,FechaPedido,TermEntrePedido,TermPagoPedido) Values(133, 3, 'Efectivo', 'Delivery', 2, '20230406', 'Entrega exprés', 'Pago al recibir')
INSERT INTO PEDIDO(IdCliente,IdRepartidor,MetPagoPedido,TipPedido,CantiHamPedido,FechaPedido,TermEntrePedido,TermPagoPedido) Values(134, 4, 'Tarjeta', 'Delivery', 2, '20230505', 'Entrega programada', 'Pago anticipado')
INSERT INTO PEDIDO(IdCliente,IdRepartidor,MetPagoPedido,TipPedido,CantiHamPedido,FechaPedido,TermEntrePedido,TermPagoPedido) Values(135, 5, 'Efectivo', 'Delivery', 3, '20230628', 'Entrega urgente', 'Pago al recibir')
INSERT INTO PEDIDO(IdCliente,IdRepartidor,MetPagoPedido,TipPedido,CantiHamPedido,FechaPedido,TermEntrePedido,TermPagoPedido) Values(136, 6, 'Efectivo', 'Delivery', 2, '20230306', 'Entrega prioritaria', 'Pago al recibir')
INSERT INTO PEDIDO(IdCliente,IdRepartidor,MetPagoPedido,TipPedido,CantiHamPedido,FechaPedido,TermEntrePedido,TermPagoPedido) Values(137, 7, 'Tarjeta', 'Delivery', 2, '20230113', 'Entrega rápida', 'Pago anticipado')
INSERT INTO PEDIDO(IdCliente,IdRepartidor,MetPagoPedido,TipPedido,CantiHamPedido,FechaPedido,TermEntrePedido,TermPagoPedido) Values(138, 8, 'Efectivo', 'Delivery', 2, '20230205', 'Entrega puntual', 'Pago al recibir')
INSERT INTO PEDIDO(IdCliente,IdRepartidor,MetPagoPedido,TipPedido,CantiHamPedido,FechaPedido,TermEntrePedido,TermPagoPedido) Values(139, 9, 'Efectivo', 'Delivery', 4, '20230502', 'Entrega exprés', 'Pago al recibir')
INSERT INTO PEDIDO(IdCliente,IdRepartidor,MetPagoPedido,TipPedido,CantiHamPedido,FechaPedido,TermEntrePedido,TermPagoPedido) Values(107, 10, 'Tarjeta', 'Delivery', 2, '20230126', 'Entrega programada', 'Pago anticipado')
INSERT INTO PEDIDO(IdCliente,IdRepartidor,MetPagoPedido,TipPedido,CantiHamPedido,FechaPedido,TermEntrePedido,TermPagoPedido) Values(141, 11, 'Efectivo', 'Delivery', 2, '20230428', 'Entrega urgente', 'Pago al recibir')
INSERT INTO PEDIDO(IdCliente,IdRepartidor,MetPagoPedido,TipPedido,CantiHamPedido,FechaPedido,TermEntrePedido,TermPagoPedido) Values(142, 12, 'Tarjeta', 'Delivery', 1, '20230614', 'Entrega prioritaria', 'Pago anticipado')
INSERT INTO PEDIDO(IdCliente,IdRepartidor,MetPagoPedido,TipPedido,CantiHamPedido,FechaPedido,TermEntrePedido,TermPagoPedido) Values(143, 13, 'Efectivo', 'Delivery', 2, '20230331', 'Entrega rápida', 'Pago al recibir')
INSERT INTO PEDIDO(IdCliente,IdRepartidor,MetPagoPedido,TipPedido,CantiHamPedido,FechaPedido,TermEntrePedido,TermPagoPedido) Values(144, 14, 'Efectivo', 'Delivery', 3, '20230122', 'Entrega puntual', 'Pago al recibir')
INSERT INTO PEDIDO(IdCliente,IdRepartidor,MetPagoPedido,TipPedido,CantiHamPedido,FechaPedido,TermEntrePedido,TermPagoPedido) Values(145, 15, 'Tarjeta', 'Delivery', 2, '20230401', 'Entrega exprés', 'Pago anticipado')
INSERT INTO PEDIDO(IdCliente,IdRepartidor,MetPagoPedido,TipPedido,CantiHamPedido,FechaPedido,TermEntrePedido,TermPagoPedido) Values(101, 1, 'Efectivo', 'Delivery', 1, '20230626', 'Entrega rápida', 'Pago al recibir')
INSERT INTO PEDIDO(IdCliente,IdRepartidor,MetPagoPedido,TipPedido,CantiHamPedido,FechaPedido,TermEntrePedido,TermPagoPedido) Values(102, 2, 'Tarjeta', 'Delivery', 2, '20230514', 'Entrega puntual', 'Pago anticipado')
INSERT INTO PEDIDO(IdCliente,IdRepartidor,MetPagoPedido,TipPedido,CantiHamPedido,FechaPedido,TermEntrePedido,TermPagoPedido) Values(126, 3, 'Efectivo', 'Delivery', 2, '20230321', 'Entrega exprés', 'Pago al recibir')
INSERT INTO PEDIDO(IdCliente,IdRepartidor,MetPagoPedido,TipPedido,CantiHamPedido,FechaPedido,TermEntrePedido,TermPagoPedido) Values(107, 4, 'Tarjeta', 'Delivery', 5, '20230105', 'Entrega programada', 'Pago anticipado')
INSERT INTO PEDIDO(IdCliente,IdRepartidor,MetPagoPedido,TipPedido,CantiHamPedido,FechaPedido,TermEntrePedido,TermPagoPedido) Values(108, 5, 'Efectivo', 'Delivery', 2, '20230227', 'Entrega urgente', 'Pago al recibir')
INSERT INTO PEDIDO(IdCliente,IdRepartidor,MetPagoPedido,TipPedido,CantiHamPedido,FechaPedido,TermEntrePedido,TermPagoPedido) Values(109, 6, 'Efectivo', 'Delivery', 1, '20230608', 'Entrega prioritaria', 'Pago al recibir')
INSERT INTO PEDIDO(IdCliente,IdRepartidor,MetPagoPedido,TipPedido,CantiHamPedido,FechaPedido,TermEntrePedido,TermPagoPedido) Values(111, 7, 'Tarjeta', 'Delivery', 3, '20230423', 'Entrega rápida', 'Pago anticipado')
INSERT INTO PEDIDO(IdCliente,IdRepartidor,MetPagoPedido,TipPedido,CantiHamPedido,FechaPedido,TermEntrePedido,TermPagoPedido) Values(112, 8, 'Efectivo', 'Delivery', 2, '20230507', 'Entrega puntual', 'Pago al recibir')
INSERT INTO PEDIDO(IdCliente,IdRepartidor,MetPagoPedido,TipPedido,CantiHamPedido,FechaPedido,TermEntrePedido,TermPagoPedido) Values(117, 9, 'Efectivo', 'Delivery', 2, '20230302', 'Entrega exprés', 'Pago al recibir')
INSERT INTO PEDIDO(IdCliente,IdRepartidor,MetPagoPedido,TipPedido,CantiHamPedido,FechaPedido,TermEntrePedido,TermPagoPedido) Values(123, 10, 'Efectivo', 'Delivery', 2, '20230118', 'Entrega urgente', 'Pago al recibir')
INSERT INTO PEDIDO(IdCliente,IdRepartidor,MetPagoPedido,TipPedido,CantiHamPedido,FechaPedido,TermEntrePedido,TermPagoPedido) Values(119, 1, 'Tarjeta', 'Delivery', 2, '20230211', 'Entrega programada', 'Pago anticipado')
INSERT INTO PEDIDO(IdCliente,IdRepartidor,MetPagoPedido,TipPedido,CantiHamPedido,FechaPedido,TermEntrePedido,TermPagoPedido) Values(144, 11, 'Efectivo', 'Delivery', 2, '20230420', 'Entrega urgente', 'Pago al recibir')
INSERT INTO PEDIDO(IdCliente,IdRepartidor,MetPagoPedido,TipPedido,CantiHamPedido,FechaPedido,TermEntrePedido,TermPagoPedido) Values(124, 12, 'Tarjeta', 'Delivery', 1, '20230617', 'Entrega prioritaria', 'Pago anticipado')
INSERT INTO PEDIDO(IdCliente,IdRepartidor,MetPagoPedido,TipPedido,CantiHamPedido,FechaPedido,TermEntrePedido,TermPagoPedido) Values(126, 2, 'Efectivo', 'Delivery', 2, '20230315', 'Entrega rápida', 'Pago al recibir')
INSERT INTO PEDIDO(IdCliente,IdRepartidor,MetPagoPedido,TipPedido,CantiHamPedido,FechaPedido,TermEntrePedido,TermPagoPedido) Values(128, 3, 'Efectivo', 'Delivery', 2, '20230101', 'Entrega puntual', 'Pago al recibir')
INSERT INTO PEDIDO(IdCliente,IdRepartidor,MetPagoPedido,TipPedido,CantiHamPedido,FechaPedido,TermEntrePedido,TermPagoPedido) Values(129, 4, 'Tarjeta', 'Delivery', 2, '20230223', 'Entrega exprés', 'Pago anticipado')
INSERT INTO PEDIDO(IdCliente,IdRepartidor,MetPagoPedido,TipPedido,CantiHamPedido,FechaPedido,TermEntrePedido,TermPagoPedido) Values(131, 5, 'Efectivo', 'Delivery', 1, '20230523', 'Entrega rápida', 'Pago al recibir')
INSERT INTO PEDIDO(IdCliente,IdRepartidor,MetPagoPedido,TipPedido,CantiHamPedido,FechaPedido,TermEntrePedido,TermPagoPedido) Values(132, 6, 'Tarjeta', 'Delivery', 2, '20230107', 'Entrega puntual', 'Pago anticipado')
INSERT INTO PEDIDO(IdCliente,IdRepartidor,MetPagoPedido,TipPedido,CantiHamPedido,FechaPedido,TermEntrePedido,TermPagoPedido) Values(129, 7, 'Efectivo', 'Delivery', 2, '20230407', 'Entrega exprés', 'Pago al recibir')
INSERT INTO PEDIDO(IdCliente,IdRepartidor,MetPagoPedido,TipPedido,CantiHamPedido,FechaPedido,TermEntrePedido,TermPagoPedido) Values(134, 8, 'Tarjeta', 'Delivery', 2, '20230603', 'Entrega programada', 'Pago anticipado')
INSERT INTO PEDIDO(IdCliente,IdRepartidor,MetPagoPedido,TipPedido,CantiHamPedido,FechaPedido,TermEntrePedido,TermPagoPedido) Values(135, 9, 'Efectivo', 'Delivery', 1,  '20230328', 'Entrega urgente', 'Pago al recibir')
INSERT INTO PEDIDO(IdCliente,IdRepartidor,MetPagoPedido,TipPedido,CantiHamPedido,FechaPedido,TermEntrePedido,TermPagoPedido) Values(136, 13, 'Efectivo', 'Delivery', 2, '20230115', 'Entrega prioritaria', 'Pago al recibir')
INSERT INTO PEDIDO(IdCliente,IdRepartidor,MetPagoPedido,TipPedido,CantiHamPedido,FechaPedido,TermEntrePedido,TermPagoPedido) Values(137, 14, 'Tarjeta', 'Delivery', 1, '20230213', 'Entrega rápida', 'Pago anticipado')
INSERT INTO PEDIDO(IdCliente,IdRepartidor,MetPagoPedido,TipPedido,CantiHamPedido,FechaPedido,TermEntrePedido,TermPagoPedido) Values(138, 15, 'Efectivo', 'Delivery', 2,  '20230418', 'Entrega puntual', 'Pago al recibir')
INSERT INTO PEDIDO(IdCliente,IdRepartidor,MetPagoPedido,TipPedido,CantiHamPedido,FechaPedido,TermEntrePedido,TermPagoPedido) Values(139, 2, 'Efectivo', 'Delivery', 3, '20230624', 'Entrega exprés', 'Pago al recibir')
INSERT INTO PEDIDO(IdCliente,IdRepartidor,MetPagoPedido,TipPedido,CantiHamPedido,FechaPedido,TermEntrePedido,TermPagoPedido) Values(140, 1, 'Tarjeta', 'Delivery', 2, '20230324', 'Entrega programada', 'Pago anticipado')
INSERT INTO PEDIDO(IdCliente,IdRepartidor,MetPagoPedido,TipPedido,CantiHamPedido,FechaPedido,TermEntrePedido,TermPagoPedido) Values(141, 4, 'Efectivo', 'Delivery', 3, '20230111', 'Entrega urgente', 'Pago al recibir')
INSERT INTO PEDIDO(IdCliente,IdRepartidor,MetPagoPedido,TipPedido,CantiHamPedido,FechaPedido,TermEntrePedido,TermPagoPedido) Values(142, 3, 'Tarjeta', 'Delivery', 2, '20230208', 'Entrega prioritaria', 'Pago anticipado')
INSERT INTO PEDIDO(IdCliente,IdRepartidor,MetPagoPedido,TipPedido,CantiHamPedido,FechaPedido,TermEntrePedido,TermPagoPedido) Values(143, 6, 'Efectivo', 'Delivery', 2,  '20230510', 'Entrega rápida', 'Pago al recibir')
INSERT INTO PEDIDO(IdCliente,IdRepartidor,MetPagoPedido,TipPedido,CantiHamPedido,FechaPedido,TermEntrePedido,TermPagoPedido) Values(144, 5, 'Efectivo', 'Delivery', 2,  '20230131','Entrega puntual', 'Pago al recibir')
INSERT INTO PEDIDO(IdCliente,IdRepartidor,MetPagoPedido,TipPedido,CantiHamPedido,FechaPedido,TermEntrePedido,TermPagoPedido) Values(145, 8, 'Tarjeta', 'Delivery', 2, '20230409', 'Entrega exprés', 'Pago anticipado')
INSERT INTO PEDIDO(IdCliente,IdRepartidor,MetPagoPedido,TipPedido,CantiHamPedido,FechaPedido,TermEntrePedido,TermPagoPedido) Values(101, 7, 'Efectivo', 'Delivery', 3, '20230613', 'Entrega rápida', 'Pago al recibir')
INSERT INTO PEDIDO(IdCliente,IdRepartidor,MetPagoPedido,TipPedido,CantiHamPedido,FechaPedido,TermEntrePedido,TermPagoPedido) Values(102, 10, 'Tarjeta', 'Delivery', 2, '20230305', 'Entrega puntual', 'Pago anticipado')
INSERT INTO PEDIDO(IdCliente,IdRepartidor,MetPagoPedido,TipPedido,CantiHamPedido,FechaPedido,TermEntrePedido,TermPagoPedido) Values(129, 9, 'Efectivo', 'Delivery', 2, '20230104', 'Entrega exprés', 'Pago al recibir')
INSERT INTO PEDIDO(IdCliente,IdRepartidor,MetPagoPedido,TipPedido,CantiHamPedido,FechaPedido,TermEntrePedido,TermPagoPedido) Values(107, 12, 'Tarjeta', 'Delivery', 1, '20230220', 'Entrega programada', 'Pago anticipado')
INSERT INTO PEDIDO(IdCliente,IdRepartidor,MetPagoPedido,TipPedido,CantiHamPedido,FechaPedido,TermEntrePedido,TermPagoPedido) Values(108, 11, 'Efectivo', 'Delivery', 2, '20230521', 'Entrega urgente', 'Pago al recibir')
INSERT INTO PEDIDO(IdCliente,IdRepartidor,MetPagoPedido,TipPedido,CantiHamPedido,FechaPedido,TermEntrePedido,TermPagoPedido) Values(132, 14, 'Efectivo', 'Delivery', 2, '20230119', 'Entrega prioritaria', 'Pago al recibir')
INSERT INTO PEDIDO(IdCliente,IdRepartidor,MetPagoPedido,TipPedido,CantiHamPedido,FechaPedido,TermEntrePedido,TermPagoPedido) Values(111, 13, 'Tarjeta', 'Delivery', 2, '20230402', 'Entrega rápida', 'Pago anticipado')
INSERT INTO PEDIDO(IdCliente,IdRepartidor,MetPagoPedido,TipPedido,CantiHamPedido,FechaPedido,TermEntrePedido,TermPagoPedido) Values(112, 15, 'Efectivo', 'Delivery', 2, '20230610', 'Entrega puntual', 'Pago al recibir')
INSERT INTO PEDIDO(IdCliente,IdRepartidor,MetPagoPedido,TipPedido,CantiHamPedido,FechaPedido,TermEntrePedido,TermPagoPedido) Values(133, 1, 'Efectivo', 'Delivery', 4, '20230319', 'Entrega exprés', 'Pago al recibir')
INSERT INTO PEDIDO(IdCliente,IdRepartidor,MetPagoPedido,TipPedido,CantiHamPedido,FechaPedido,TermEntrePedido,TermPagoPedido) Values(119, 2, 'Tarjeta', 'Delivery', 2,'20230130', 'Entrega programada', 'Pago anticipado')
INSERT INTO PEDIDO(IdCliente,IdRepartidor,MetPagoPedido,TipPedido,CantiHamPedido,FechaPedido,TermEntrePedido,TermPagoPedido) Values(123, 3, 'Efectivo', 'Delivery', 2,'20230228', 'Entrega urgente', 'Pago al recibir')
INSERT INTO PEDIDO(IdCliente,IdRepartidor,MetPagoPedido,TipPedido,CantiHamPedido,FechaPedido,TermEntrePedido,TermPagoPedido) Values(124, 4, 'Tarjeta', 'Delivery', 2,'20230528', 'Entrega prioritaria', 'Pago anticipado')
INSERT INTO PEDIDO(IdCliente,IdRepartidor,MetPagoPedido,TipPedido,CantiHamPedido,FechaPedido,TermEntrePedido,TermPagoPedido) Values(126, 5, 'Efectivo', 'Delivery', 2,'20230125', 'Entrega rápida', 'Pago al recibir')
INSERT INTO PEDIDO(IdCliente,IdRepartidor,MetPagoPedido,TipPedido,CantiHamPedido,FechaPedido,TermEntrePedido,TermPagoPedido) Values(128, 6, 'Efectivo', 'Delivery', 4,'20230430', 'Entrega puntual', 'Pago al recibir')
INSERT INTO PEDIDO(IdCliente,IdRepartidor,MetPagoPedido,TipPedido,CantiHamPedido,FechaPedido,TermEntrePedido,TermPagoPedido) Values(129, 7, 'Tarjeta', 'Delivery', 2,'20230619', 'Entrega exprés', 'Pago anticipado')
INSERT INTO PEDIDO(IdCliente,IdRepartidor,MetPagoPedido,TipPedido,CantiHamPedido,FechaPedido,TermEntrePedido,TermPagoPedido) Values(131, 8, 'Efectivo', 'Delivery', 3,'20230308', 'Entrega rápida', 'Pago al recibir')
INSERT INTO PEDIDO(IdCliente,IdRepartidor,MetPagoPedido,TipPedido,CantiHamPedido,FechaPedido,TermEntrePedido,TermPagoPedido) Values(132, 9, 'Tarjeta', 'Delivery', 5, '20230109', 'Entrega puntual', 'Pago anticipado')
INSERT INTO PEDIDO(IdCliente,IdRepartidor,MetPagoPedido,TipPedido,CantiHamPedido,FechaPedido,TermEntrePedido,TermPagoPedido) Values(133, 10, 'Efectivo', 'Delivery', 2,'20230202', 'Entrega exprés', 'Pago al recibir')
INSERT INTO PEDIDO(IdCliente,IdRepartidor,MetPagoPedido,TipPedido,CantiHamPedido,FechaPedido,TermEntrePedido,TermPagoPedido) Values(134, 11, 'Tarjeta', 'Delivery', 2, '20230503', 'Entrega programada', 'Pago anticipado')
INSERT INTO PEDIDO(IdCliente,IdRepartidor,MetPagoPedido,TipPedido,CantiHamPedido,FechaPedido,TermEntrePedido,TermPagoPedido) Values(135, 12, 'Efectivo', 'Delivery', 2, '20230112', 'Entrega urgente', 'Pago al recibir')
INSERT INTO PEDIDO(IdCliente,IdRepartidor,MetPagoPedido,TipPedido,CantiHamPedido,FechaPedido,TermEntrePedido,TermPagoPedido) Values(136, 12, 'Efectivo', 'Delivery', 3,'20230415', 'Entrega prioritaria', 'Pago al recibir')
INSERT INTO PEDIDO(IdCliente,IdRepartidor,MetPagoPedido,TipPedido,CantiHamPedido,FechaPedido,TermEntrePedido,TermPagoPedido) Values(111, 14, 'Tarjeta', 'Delivery', 2, '20230622', 'Entrega rápida', 'Pago anticipado')
INSERT INTO PEDIDO(IdCliente,IdRepartidor,MetPagoPedido,TipPedido,CantiHamPedido,FechaPedido,TermEntrePedido,TermPagoPedido) Values(138, 13, 'Efectivo', 'Delivery', 1, '20230312', 'Entrega puntual', 'Pago al recibir')
INSERT INTO PEDIDO(IdCliente,IdRepartidor,MetPagoPedido,TipPedido,CantiHamPedido,FechaPedido,TermEntrePedido,TermPagoPedido) Values(139, 4, 'Efectivo', 'Delivery', 1, '20230102', 'Entrega exprés', 'Pago al recibir')
INSERT INTO PEDIDO(IdCliente,IdRepartidor,MetPagoPedido,TipPedido,CantiHamPedido,FechaPedido,TermEntrePedido,TermPagoPedido) Values(107, 15, 'Tarjeta', 'Delivery', 1,'20230218', 'Entrega programada', 'Pago anticipado')
INSERT INTO PEDIDO(IdCliente,IdRepartidor,MetPagoPedido,TipPedido,CantiHamPedido,FechaPedido,TermEntrePedido,TermPagoPedido) Values(126, 1, 'Efectivo', 'Delivery', 2,'20230516', 'Entrega urgente', 'Pago al recibir')
INSERT INTO PEDIDO(IdCliente,IdRepartidor,MetPagoPedido,TipPedido,CantiHamPedido,FechaPedido,TermEntrePedido,TermPagoPedido) Values(142, 4, 'Tarjeta', 'Delivery', 3,'20230106', 'Entrega prioritaria', 'Pago anticipado')
INSERT INTO PEDIDO(IdCliente,IdRepartidor,MetPagoPedido,TipPedido,CantiHamPedido,FechaPedido,TermEntrePedido,TermPagoPedido) Values(143, 8, 'Efectivo', 'Delivery', 1, '20230405', 'Entrega rápida', 'Pago al recibir')
INSERT INTO PEDIDO(IdCliente,IdRepartidor,MetPagoPedido,TipPedido,CantiHamPedido,FechaPedido,TermEntrePedido,TermPagoPedido) Values(144, 2, 'Efectivo', 'Delivery', 1, '20230116', 'Entrega puntual', 'Pago al recibir')

--DATOS HAMBURGUESAS
INSERT INTO HAMBURGUESA(IdHamburguesa,NomHamburguesa,TamañoHamburguesa) Values('H-01', 'Hamburguesa Clasica', 'Mediana')
INSERT INTO HAMBURGUESA(IdHamburguesa,NomHamburguesa,TamañoHamburguesa) Values('H-02', 'Hamburguesa de Pollo', 'Mediana')
INSERT INTO HAMBURGUESA(IdHamburguesa,NomHamburguesa,TamañoHamburguesa) Values('H-03', 'Hamburguesa con Queso', 'Mediana')
INSERT INTO HAMBURGUESA(IdHamburguesa,NomHamburguesa,TamañoHamburguesa) Values('H-04', 'MegaHamburguesa', 'Grande')
INSERT INTO HAMBURGUESA(IdHamburguesa,NomHamburguesa,TamañoHamburguesa) Values('H-05', 'Hamburguesa con Huevo', 'Grande')
INSERT INTO HAMBURGUESA(IdHamburguesa,NomHamburguesa,TamañoHamburguesa) Values('H-06', 'Hamburguesa Parrillera', 'Grande')
INSERT INTO HAMBURGUESA(IdHamburguesa,NomHamburguesa,TamañoHamburguesa) Values('H-07', 'Hamburguesa Carretillera', 'Grande')
INSERT INTO HAMBURGUESA(IdHamburguesa,NomHamburguesa,TamañoHamburguesa) Values('H-08', 'Hamburguesa Extrema', 'Grande')
INSERT INTO HAMBURGUESA(IdHamburguesa,NomHamburguesa,TamañoHamburguesa) Values('H-09', 'Hamburguesa a Lo Pobre', 'Grande')
INSERT INTO HAMBURGUESA(IdHamburguesa,NomHamburguesa,TamañoHamburguesa) Values('H-10', 'Hamburguesa con Jamon', 'Grande')

--DATOS FACTURAS
INSERT INTO FACTURA(NroFactura,IdCliente,IdCajero,FechaFactura,DescripFactura) Values(10001, 103, 1010, '2023-01-01', 'Factura de compra de Hamburguesa clásica')
INSERT INTO FACTURA(NroFactura,IdCliente,IdCajero,FechaFactura,DescripFactura) Values(10002, 105, 1002, '2023-01-02', 'Factura de compra de Hamburguesa de Pollo')
INSERT INTO FACTURA(NroFactura,IdCliente,IdCajero,FechaFactura,DescripFactura) Values(10003, 106, 1003, '2023-01-03', 'Factura de compra de MegaHamburguesa')
INSERT INTO FACTURA(NroFactura,IdCliente,IdCajero,FechaFactura,DescripFactura) Values(10004, 130, 1003, '2023-01-04', 'Factura de compra de Hamburguesa con Huevo')
INSERT INTO FACTURA(NroFactura,IdCliente,IdCajero,FechaFactura,DescripFactura) Values(10005, 103, 1005, '2023-01-05', 'Factura de compra de Hamburguesa Parrillera')
INSERT INTO FACTURA(NroFactura,IdCliente,IdCajero,FechaFactura,DescripFactura) Values(10006, 130, 1006, '2023-01-06', 'Factura de compra de Hamburguesa Carretillera')
INSERT INTO FACTURA(NroFactura,IdCliente,IdCajero,FechaFactura,DescripFactura) Values(10007, 115, 1007, '2023-01-07', 'Factura de compra de Hamburguesa Extrema')
INSERT INTO FACTURA(NroFactura,IdCliente,IdCajero,FechaFactura,DescripFactura) Values(10008, 114, 1008, '2023-01-08', 'Factura de compra de Hamburguesa a Lo Pobre')
INSERT INTO FACTURA(NroFactura,IdCliente,IdCajero,FechaFactura,DescripFactura) Values(10009, 118, 1009, '2023-01-09', 'Factura de compra de Hamburguesa con Jamon')
INSERT INTO FACTURA(NroFactura,IdCliente,IdCajero,FechaFactura,DescripFactura) Values(10010, 120, 1010, '2023-01-10', 'Factura de compra de Hamburguesa con Queso')
INSERT INTO FACTURA(NroFactura,IdCliente,IdCajero,FechaFactura,DescripFactura) Values(10011, 121, 1001, '2023-01-11', 'Factura de compra de Hamburguesa con Queso')
INSERT INTO FACTURA(NroFactura,IdCliente,IdCajero,FechaFactura,DescripFactura) Values(10012, 122, 1002, '2023-01-12', 'Factura de compra de Hamburguesa clásica')
INSERT INTO FACTURA(NroFactura,IdCliente,IdCajero,FechaFactura,DescripFactura) Values(10013, 125, 1003, '2023-01-13', 'Factura de compra de Hamburguesa Parrillera')
INSERT INTO FACTURA(NroFactura,IdCliente,IdCajero,FechaFactura,DescripFactura) Values(10014, 127, 1004, '2023-01-14', 'Factura de compra de Hamburguesa Parrillera')
INSERT INTO FACTURA(NroFactura,IdCliente,IdCajero,FechaFactura,DescripFactura) Values(10015, 130, 1002, '2023-01-15', 'Factura de compra de Hamburguesa Carretillera')
INSERT INTO FACTURA(NroFactura,IdCliente,IdCajero,FechaFactura,DescripFactura) Values(10016, 103, 1010, '2023-01-16', 'Factura de compra de MegaHamburguesa')
INSERT INTO FACTURA(NroFactura,IdCliente,IdCajero,FechaFactura,DescripFactura) Values(10017, 105, 1007, '2023-01-17', 'Factura de compra de Hamburguesa con Huevo')
INSERT INTO FACTURA(NroFactura,IdCliente,IdCajero,FechaFactura,DescripFactura) Values(10018, 106, 1008, '2023-01-18', 'Factura de compra de Hamburguesa clásica')
INSERT INTO FACTURA(NroFactura,IdCliente,IdCajero,FechaFactura,DescripFactura) Values(10019, 110, 1008, '2023-01-19', 'Factura de compra de Hamburguesa de Pollo')
INSERT INTO FACTURA(NroFactura,IdCliente,IdCajero,FechaFactura,DescripFactura) Values(10020, 113, 1010, '2023-01-20', 'Factura de compra de Hamburguesa clásica')
INSERT INTO FACTURA(NroFactura,IdCliente,IdCajero,FechaFactura,DescripFactura) Values(10021, 114, 1001, '2023-01-21', 'Factura de compra de Hamburguesa Extrema')
INSERT INTO FACTURA(NroFactura,IdCliente,IdCajero,FechaFactura,DescripFactura) Values(10022, 115, 1002, '2023-01-22', 'Factura de compra de Hamburguesa con Huevo')
INSERT INTO FACTURA(NroFactura,IdCliente,IdCajero,FechaFactura,DescripFactura) Values(10023, 122, 1003, '2023-01-23', 'Factura de compra de Hamburguesa de Pollo')
INSERT INTO FACTURA(NroFactura,IdCliente,IdCajero,FechaFactura,DescripFactura) Values(10024, 118, 1004, '2023-01-24', 'Factura de compra de Hamburguesa clásica')
INSERT INTO FACTURA(NroFactura,IdCliente,IdCajero,FechaFactura,DescripFactura) Values(10025, 106, 1005, '2023-01-25', 'Factura de compra de Hamburguesa con Queso')
INSERT INTO FACTURA(NroFactura,IdCliente,IdCajero,FechaFactura,DescripFactura) Values(10026, 121, 1010, '2023-01-26', 'Factura de compra de Hamburguesa clásica')
INSERT INTO FACTURA(NroFactura,IdCliente,IdCajero,FechaFactura,DescripFactura) Values(10027, 122, 1007, '2023-01-27', 'Factura de compra de Hamburguesa con Queso')
INSERT INTO FACTURA(NroFactura,IdCliente,IdCajero,FechaFactura,DescripFactura) Values(10028, 118, 1008, '2023-01-28', 'Factura de compra de Hamburguesa con Huevo')
INSERT INTO FACTURA(NroFactura,IdCliente,IdCajero,FechaFactura,DescripFactura) Values(10029, 122, 1009, '2023-01-29', 'Factura de compra de Hamburguesa Carretillera')
INSERT INTO FACTURA(NroFactura,IdCliente,IdCajero,FechaFactura,DescripFactura) Values(10030, 130, 1010, '2023-01-30', 'Factura de compra de Hamburguesa con Jamon')

--DATOS TABLA DE DETALLE_FACTURA
INSERT INTO DETALLE_FACTURA(NroFactura,IdHamburguesa,CantidadHamburguesaFactura,PrecioUnitHamburguesa) Values(10001, 'H-01', 1, 10)
INSERT INTO DETALLE_FACTURA(NroFactura,IdHamburguesa,CantidadHamburguesaFactura,PrecioUnitHamburguesa) Values(10002, 'H-02', 2, 10)
INSERT INTO DETALLE_FACTURA(NroFactura,IdHamburguesa,CantidadHamburguesaFactura,PrecioUnitHamburguesa) Values(10003, 'H-04', 3, 18)
INSERT INTO DETALLE_FACTURA(NroFactura,IdHamburguesa,CantidadHamburguesaFactura,PrecioUnitHamburguesa) Values(10004, 'H-05', 4, 15)
INSERT INTO DETALLE_FACTURA(NroFactura,IdHamburguesa,CantidadHamburguesaFactura,PrecioUnitHamburguesa) Values(10005, 'H-06', 5, 16)
INSERT INTO DETALLE_FACTURA(NroFactura,IdHamburguesa,CantidadHamburguesaFactura,PrecioUnitHamburguesa) Values(10006, 'H-07', 6, 16)
INSERT INTO DETALLE_FACTURA(NroFactura,IdHamburguesa,CantidadHamburguesaFactura,PrecioUnitHamburguesa) Values(10007, 'H-08', 4, 20)
INSERT INTO DETALLE_FACTURA(NroFactura,IdHamburguesa,CantidadHamburguesaFactura,PrecioUnitHamburguesa) Values(10008, 'H-09', 1, 19)
INSERT INTO DETALLE_FACTURA(NroFactura,IdHamburguesa,CantidadHamburguesaFactura,PrecioUnitHamburguesa) Values(10009, 'H-10', 1, 17)
INSERT INTO DETALLE_FACTURA(NroFactura,IdHamburguesa,CantidadHamburguesaFactura,PrecioUnitHamburguesa) Values(10010, 'H-03', 2, 12)
INSERT INTO DETALLE_FACTURA(NroFactura,IdHamburguesa,CantidadHamburguesaFactura,PrecioUnitHamburguesa) Values(10011, 'H-03', 1, 12)
INSERT INTO DETALLE_FACTURA(NroFactura,IdHamburguesa,CantidadHamburguesaFactura,PrecioUnitHamburguesa) Values(10012, 'H-01', 7, 10)
INSERT INTO DETALLE_FACTURA(NroFactura,IdHamburguesa,CantidadHamburguesaFactura,PrecioUnitHamburguesa) Values(10013, 'H-06', 3, 16)
INSERT INTO DETALLE_FACTURA(NroFactura,IdHamburguesa,CantidadHamburguesaFactura,PrecioUnitHamburguesa) Values(10014, 'H-06', 1, 16)
INSERT INTO DETALLE_FACTURA(NroFactura,IdHamburguesa,CantidadHamburguesaFactura,PrecioUnitHamburguesa) Values(10015, 'H-07', 1, 16)
INSERT INTO DETALLE_FACTURA(NroFactura,IdHamburguesa,CantidadHamburguesaFactura,PrecioUnitHamburguesa) Values(10016, 'H-04', 2, 18)
INSERT INTO DETALLE_FACTURA(NroFactura,IdHamburguesa,CantidadHamburguesaFactura,PrecioUnitHamburguesa) Values(10017, 'H-05', 6, 15)
INSERT INTO DETALLE_FACTURA(NroFactura,IdHamburguesa,CantidadHamburguesaFactura,PrecioUnitHamburguesa) Values(10018, 'H-01', 2, 10)
INSERT INTO DETALLE_FACTURA(NroFactura,IdHamburguesa,CantidadHamburguesaFactura,PrecioUnitHamburguesa) Values(10019, 'H-02', 1, 10)
INSERT INTO DETALLE_FACTURA(NroFactura,IdHamburguesa,CantidadHamburguesaFactura,PrecioUnitHamburguesa) Values(10020, 'H-01', 1, 10)
INSERT INTO DETALLE_FACTURA(NroFactura,IdHamburguesa,CantidadHamburguesaFactura,PrecioUnitHamburguesa) Values(10021, 'H-08', 2, 20)
INSERT INTO DETALLE_FACTURA(NroFactura,IdHamburguesa,CantidadHamburguesaFactura,PrecioUnitHamburguesa) Values(10022, 'H-05', 4, 15)
INSERT INTO DETALLE_FACTURA(NroFactura,IdHamburguesa,CantidadHamburguesaFactura,PrecioUnitHamburguesa) Values(10023, 'H-02', 2, 10)
INSERT INTO DETALLE_FACTURA(NroFactura,IdHamburguesa,CantidadHamburguesaFactura,PrecioUnitHamburguesa) Values(10024, 'H-01', 3, 10)
INSERT INTO DETALLE_FACTURA(NroFactura,IdHamburguesa,CantidadHamburguesaFactura,PrecioUnitHamburguesa) Values(10025, 'H-03', 1, 12)
INSERT INTO DETALLE_FACTURA(NroFactura,IdHamburguesa,CantidadHamburguesaFactura,PrecioUnitHamburguesa) Values(10026, 'H-01', 2, 10)
INSERT INTO DETALLE_FACTURA(NroFactura,IdHamburguesa,CantidadHamburguesaFactura,PrecioUnitHamburguesa) Values(10027, 'H-03', 5, 12)
INSERT INTO DETALLE_FACTURA(NroFactura,IdHamburguesa,CantidadHamburguesaFactura,PrecioUnitHamburguesa) Values(10028, 'H-05', 2, 15)
INSERT INTO DETALLE_FACTURA(NroFactura,IdHamburguesa,CantidadHamburguesaFactura,PrecioUnitHamburguesa) Values(10029, 'H-07', 1, 16)
INSERT INTO DETALLE_FACTURA(NroFactura,IdHamburguesa,CantidadHamburguesaFactura,PrecioUnitHamburguesa) Values(10030, 'H-10', 3, 17)

--DATOS TIENDA_HAMBURGUESA
--Tienda 1
INSERT INTO TIENDA_HAMBURGUESA(CodTienda,IdHamburguesa,ValorHamburguesa) Values(1, 'H-01', '4 estrellas')
INSERT INTO TIENDA_HAMBURGUESA(CodTienda,IdHamburguesa,ValorHamburguesa) Values(1, 'H-02', '5 estrellas')
INSERT INTO TIENDA_HAMBURGUESA(CodTienda,IdHamburguesa,ValorHamburguesa) Values(1, 'H-03', '3 estrellas')
INSERT INTO TIENDA_HAMBURGUESA(CodTienda,IdHamburguesa,ValorHamburguesa) Values(1, 'H-04', '4 estrellas')
INSERT INTO TIENDA_HAMBURGUESA(CodTienda,IdHamburguesa,ValorHamburguesa) Values(1, 'H-05', '4 estrellas')
INSERT INTO TIENDA_HAMBURGUESA(CodTienda,IdHamburguesa,ValorHamburguesa) Values(1, 'H-06', '3 estrellas')
INSERT INTO TIENDA_HAMBURGUESA(CodTienda,IdHamburguesa,ValorHamburguesa) Values(1, 'H-07', '4 estrellas')
INSERT INTO TIENDA_HAMBURGUESA(CodTienda,IdHamburguesa,ValorHamburguesa) Values(1, 'H-08', '2 estrellas')
INSERT INTO TIENDA_HAMBURGUESA(CodTienda,IdHamburguesa,ValorHamburguesa) Values(1, 'H-09', '3 estrellas')
INSERT INTO TIENDA_HAMBURGUESA(CodTienda,IdHamburguesa,ValorHamburguesa) Values(1, 'H-10', '4 estrellas')
-- Tienda 2
INSERT INTO TIENDA_HAMBURGUESA(CodTienda,IdHamburguesa,ValorHamburguesa) Values(2, 'H-01', '5 estrellas')
INSERT INTO TIENDA_HAMBURGUESA(CodTienda,IdHamburguesa,ValorHamburguesa) Values(2, 'H-02', '3 estrellas')
INSERT INTO TIENDA_HAMBURGUESA(CodTienda,IdHamburguesa,ValorHamburguesa) Values(2, 'H-03', '4 estrellas')
INSERT INTO TIENDA_HAMBURGUESA(CodTienda,IdHamburguesa,ValorHamburguesa) Values(2, 'H-04', '4 estrellas')
INSERT INTO TIENDA_HAMBURGUESA(CodTienda,IdHamburguesa,ValorHamburguesa) Values(2, 'H-05', '3 estrellas')
INSERT INTO TIENDA_HAMBURGUESA(CodTienda,IdHamburguesa,ValorHamburguesa) Values(2, 'H-06', '4 estrellas')
INSERT INTO TIENDA_HAMBURGUESA(CodTienda,IdHamburguesa,ValorHamburguesa) Values(2, 'H-07', '4 estrellas')
INSERT INTO TIENDA_HAMBURGUESA(CodTienda,IdHamburguesa,ValorHamburguesa) Values(2, 'H-08', '3 estrellas')
INSERT INTO TIENDA_HAMBURGUESA(CodTienda,IdHamburguesa,ValorHamburguesa) Values(2, 'H-09', '4 estrellas')
INSERT INTO TIENDA_HAMBURGUESA(CodTienda,IdHamburguesa,ValorHamburguesa) Values(2, 'H-10', '2 estrellas')
-- Tienda 3
INSERT INTO TIENDA_HAMBURGUESA(CodTienda,IdHamburguesa,ValorHamburguesa) Values(3, 'H-01', '3 estrellas')
INSERT INTO TIENDA_HAMBURGUESA(CodTienda,IdHamburguesa,ValorHamburguesa) Values(3, 'H-02', '4 estrellas')
INSERT INTO TIENDA_HAMBURGUESA(CodTienda,IdHamburguesa,ValorHamburguesa) Values(3, 'H-03', '3 estrellas')
INSERT INTO TIENDA_HAMBURGUESA(CodTienda,IdHamburguesa,ValorHamburguesa) Values(3, 'H-04', '2 estrellas')
INSERT INTO TIENDA_HAMBURGUESA(CodTienda,IdHamburguesa,ValorHamburguesa) Values(3, 'H-05', '4 estrellas')
INSERT INTO TIENDA_HAMBURGUESA(CodTienda,IdHamburguesa,ValorHamburguesa) Values(3, 'H-06', '3 estrellas')
INSERT INTO TIENDA_HAMBURGUESA(CodTienda,IdHamburguesa,ValorHamburguesa) Values(3, 'H-07', '3 estrellas')
INSERT INTO TIENDA_HAMBURGUESA(CodTienda,IdHamburguesa,ValorHamburguesa) Values(3, 'H-08', '4 estrellas')
INSERT INTO TIENDA_HAMBURGUESA(CodTienda,IdHamburguesa,ValorHamburguesa) Values(3, 'H-09', '5 estrellas')
INSERT INTO TIENDA_HAMBURGUESA(CodTienda,IdHamburguesa,ValorHamburguesa) Values(3, 'H-10', '3 estrellas')
-- Tienda 4
INSERT INTO TIENDA_HAMBURGUESA(CodTienda,IdHamburguesa,ValorHamburguesa) Values(4, 'H-01', '4 estrellas')
INSERT INTO TIENDA_HAMBURGUESA(CodTienda,IdHamburguesa,ValorHamburguesa) Values(4, 'H-02', '2 estrellas')
INSERT INTO TIENDA_HAMBURGUESA(CodTienda,IdHamburguesa,ValorHamburguesa) Values(4, 'H-03', '3 estrellas')
INSERT INTO TIENDA_HAMBURGUESA(CodTienda,IdHamburguesa,ValorHamburguesa) Values(4, 'H-04', '4 estrellas')
INSERT INTO TIENDA_HAMBURGUESA(CodTienda,IdHamburguesa,ValorHamburguesa) Values(4, 'H-05', '5 estrellas')
INSERT INTO TIENDA_HAMBURGUESA(CodTienda,IdHamburguesa,ValorHamburguesa) Values(4, 'H-06', '3 estrellas')
INSERT INTO TIENDA_HAMBURGUESA(CodTienda,IdHamburguesa,ValorHamburguesa) Values(4, 'H-07', '4 estrellas')
INSERT INTO TIENDA_HAMBURGUESA(CodTienda,IdHamburguesa,ValorHamburguesa) Values(4, 'H-08', '4 estrellas')
INSERT INTO TIENDA_HAMBURGUESA(CodTienda,IdHamburguesa,ValorHamburguesa) Values(4, 'H-09', '3 estrellas')
INSERT INTO TIENDA_HAMBURGUESA(CodTienda,IdHamburguesa,ValorHamburguesa) Values(4, 'H-10', '4 estrellas')

--DATOS PROVEEDOR
INSERT INTO PROVEEDOR(IdProveedor,NomProveedor,ApeProveedor,TelProveedor,DirProveedor) Values(1, 'Juan', 'Pérez', '123-4567-890', 'Calle Principal 123')
INSERT INTO PROVEEDOR(IdProveedor,NomProveedor,ApeProveedor,TelProveedor,DirProveedor) Values(2, 'María', 'González', '234-5678-901', 'Avenida del Sol 456')
INSERT INTO PROVEEDOR(IdProveedor,NomProveedor,ApeProveedor,TelProveedor,DirProveedor) Values(3, 'Pedro', 'López', '345-6789-012', 'Calle Robles 789')
INSERT INTO PROVEEDOR(IdProveedor,NomProveedor,ApeProveedor,TelProveedor,DirProveedor) Values(4, 'Laura', 'Sánchez', '456-7890-123', 'Avenida del Bosque 987')
INSERT INTO PROVEEDOR(IdProveedor,NomProveedor,ApeProveedor,TelProveedor,DirProveedor) Values(5, 'Carlos', 'Ramírez', '567-8901-234', 'Calle del Río 654')
INSERT INTO PROVEEDOR(IdProveedor,NomProveedor,ApeProveedor,TelProveedor,DirProveedor) Values(6, 'Ana', 'Torres', '678-9012-345', 'Avenida de la Luna 321')

--DATOS INGREDIENTES
INSERT INTO INGREDIENTE(CodIngrediente,IdProveedor,NomIngrediente,ProcIngrediente,TiempConIngrediente) Values(1, 1, 'Pan', 'Local', '2 días')
INSERT INTO INGREDIENTE(CodIngrediente,IdProveedor,NomIngrediente,ProcIngrediente,TiempConIngrediente) Values(2, 2, 'Papas Fritas', 'Importado', '7 días')
INSERT INTO INGREDIENTE(CodIngrediente,IdProveedor,NomIngrediente,ProcIngrediente,TiempConIngrediente) Values(3, 2, 'Papas al hilo', 'Importado', '7 días')
INSERT INTO INGREDIENTE(CodIngrediente,IdProveedor,NomIngrediente,ProcIngrediente,TiempConIngrediente) Values(4, 3, 'Hamburguesa de Carne', 'Local', '3 días')
INSERT INTO INGREDIENTE(CodIngrediente,IdProveedor,NomIngrediente,ProcIngrediente,TiempConIngrediente) Values(5, 3, 'Hamburguesa de Pollo', 'Local', '3 días')
INSERT INTO INGREDIENTE(CodIngrediente,IdProveedor,NomIngrediente,ProcIngrediente,TiempConIngrediente) Values(6, 4, 'Lechuga', 'Local', '5 días')
INSERT INTO INGREDIENTE(CodIngrediente,IdProveedor,NomIngrediente,ProcIngrediente,TiempConIngrediente) Values(7, 5, 'Queso Edam', 'Importado', '10 días')
INSERT INTO INGREDIENTE(CodIngrediente,IdProveedor,NomIngrediente,ProcIngrediente,TiempConIngrediente) Values(8, 3, 'Nuggets', 'Local', '4 días')
INSERT INTO INGREDIENTE(CodIngrediente,IdProveedor,NomIngrediente,ProcIngrediente,TiempConIngrediente) Values(9, 4, 'Tomate', 'Local', '5 días')
INSERT INTO INGREDIENTE(CodIngrediente,IdProveedor,NomIngrediente,ProcIngrediente,TiempConIngrediente) Values(10, 6, 'Salsa chimichurri', 'Local', '7 días')
INSERT INTO INGREDIENTE(CodIngrediente,IdProveedor,NomIngrediente,ProcIngrediente,TiempConIngrediente) Values(11, 3, 'Tocino', 'Local', '4 días')
INSERT INTO INGREDIENTE(CodIngrediente,IdProveedor,NomIngrediente,ProcIngrediente,TiempConIngrediente) Values(12, 3, 'Chorizo', 'Local', '4 días')
INSERT INTO INGREDIENTE(CodIngrediente,IdProveedor,NomIngrediente,ProcIngrediente,TiempConIngrediente) Values(13, 3, 'Pollo deshilachado', 'Local', '3 días')
INSERT INTO INGREDIENTE(CodIngrediente,IdProveedor,NomIngrediente,ProcIngrediente,TiempConIngrediente) Values(14, 5, 'Huevo Frito', 'Importado', '7 días')
INSERT INTO INGREDIENTE(CodIngrediente,IdProveedor,NomIngrediente,ProcIngrediente,TiempConIngrediente) Values(15, 4, 'Platano Frito', 'Local', '3 días')
INSERT INTO INGREDIENTE(CodIngrediente,IdProveedor,NomIngrediente,ProcIngrediente,TiempConIngrediente) Values(16, 3, 'Jamon ahumado', 'Local', '4 días')
INSERT INTO INGREDIENTE(CodIngrediente,IdProveedor,NomIngrediente,ProcIngrediente,TiempConIngrediente) Values(17, 4, 'Cebolla', 'Local', '5 días')
INSERT INTO INGREDIENTE(CodIngrediente,IdProveedor,NomIngrediente,ProcIngrediente,TiempConIngrediente) Values(18, 4, 'Cebolla Blanca', 'Local', '5 días')
INSERT INTO INGREDIENTE(CodIngrediente,IdProveedor,NomIngrediente,ProcIngrediente,TiempConIngrediente) Values(19, 6, 'Salsa de Cocona', 'Local', '7 días')

--DATOS HAMBURGUESA_INGREDIENTE

-- Hamburguesa Clásica
INSERT INTO HAMBURGUESA_INGREDIENTE(CodIngrediente, IdHamburguesa, CantidadIngredientes) Values(1, 'H-01', '1 unidad de Pan')
INSERT INTO HAMBURGUESA_INGREDIENTE(CodIngrediente, IdHamburguesa, CantidadIngredientes) Values(2, 'H-01', '20g de Papas Fritas')
INSERT INTO HAMBURGUESA_INGREDIENTE(CodIngrediente, IdHamburguesa, CantidadIngredientes) Values(4, 'H-01', '1 Hamburguesa de Carne')
INSERT INTO HAMBURGUESA_INGREDIENTE(CodIngrediente, IdHamburguesa, CantidadIngredientes) Values(6, 'H-01', '1 porción de Lechuga')

-- Hamburguesa de Pollo
INSERT INTO HAMBURGUESA_INGREDIENTE(CodIngrediente, IdHamburguesa, CantidadIngredientes) Values(1, 'H-02', '1 unidad de Pan')
INSERT INTO HAMBURGUESA_INGREDIENTE(CodIngrediente, IdHamburguesa, CantidadIngredientes) Values(2, 'H-02', '20g de Papas Fritas')
INSERT INTO HAMBURGUESA_INGREDIENTE(CodIngrediente, IdHamburguesa, CantidadIngredientes) Values(5, 'H-02', '1 Hamburguesa de Pollo')
INSERT INTO HAMBURGUESA_INGREDIENTE(CodIngrediente, IdHamburguesa, CantidadIngredientes) Values(6, 'H-02', '1 porción de Lechuga')

-- Hamburguesa con Queso
INSERT INTO HAMBURGUESA_INGREDIENTE(CodIngrediente, IdHamburguesa, CantidadIngredientes) Values(1, 'H-03', '1 unidad de Pan')
INSERT INTO HAMBURGUESA_INGREDIENTE(CodIngrediente, IdHamburguesa, CantidadIngredientes) Values(2, 'H-03', '20g de Papas Fritas')
INSERT INTO HAMBURGUESA_INGREDIENTE(CodIngrediente, IdHamburguesa, CantidadIngredientes) Values(5, 'H-03', '1 Hamburguesa de Pollo')
INSERT INTO HAMBURGUESA_INGREDIENTE(CodIngrediente, IdHamburguesa, CantidadIngredientes) Values(6, 'H-03', '1 porción de Lechuga')
INSERT INTO HAMBURGUESA_INGREDIENTE(CodIngrediente, IdHamburguesa, CantidadIngredientes) Values(7, 'H-03', '1 porción de Queso Edam')

-- MegaHamburguesa
INSERT INTO HAMBURGUESA_INGREDIENTE(CodIngrediente, IdHamburguesa, CantidadIngredientes) Values(1, 'H-04', '1 unidad de Pan')
INSERT INTO HAMBURGUESA_INGREDIENTE(CodIngrediente, IdHamburguesa, CantidadIngredientes) Values(8, 'H-04', '2 Nuggets')
INSERT INTO HAMBURGUESA_INGREDIENTE(CodIngrediente, IdHamburguesa, CantidadIngredientes) Values(7, 'H-04', '1 porción de Queso Fundido')
INSERT INTO HAMBURGUESA_INGREDIENTE(CodIngrediente, IdHamburguesa, CantidadIngredientes) Values(4, 'H-04', '1 Hamburguesa de Carne')
INSERT INTO HAMBURGUESA_INGREDIENTE(CodIngrediente, IdHamburguesa, CantidadIngredientes) Values(9, 'H-04', '1 Tomate')
INSERT INTO HAMBURGUESA_INGREDIENTE(CodIngrediente, IdHamburguesa, CantidadIngredientes) Values(6, 'H-04', '1 porción de Lechuga')

-- Hamburguesa con Huevo
INSERT INTO HAMBURGUESA_INGREDIENTE(CodIngrediente, IdHamburguesa, CantidadIngredientes) Values(1, 'H-05', '1 unidad de Pan')
INSERT INTO HAMBURGUESA_INGREDIENTE(CodIngrediente, IdHamburguesa, CantidadIngredientes) Values(6, 'H-05', '2 porciones de Lechuga')
INSERT INTO HAMBURGUESA_INGREDIENTE(CodIngrediente, IdHamburguesa, CantidadIngredientes) Values(4, 'H-05', '1 Hamburguesa de Carne')
INSERT INTO HAMBURGUESA_INGREDIENTE(CodIngrediente, IdHamburguesa, CantidadIngredientes) Values(14, 'H-05', '1 Huevo Frito')
INSERT INTO HAMBURGUESA_INGREDIENTE(CodIngrediente, IdHamburguesa, CantidadIngredientes) Values(11, 'H-05', '2 Tocinos')

-- Hamburguesa Parrillera
INSERT INTO HAMBURGUESA_INGREDIENTE(CodIngrediente, IdHamburguesa, CantidadIngredientes) Values(1, 'H-06', '1 unidad de Pan')
INSERT INTO HAMBURGUESA_INGREDIENTE(CodIngrediente, IdHamburguesa, CantidadIngredientes) Values(4, 'H-06', '1 Hamburguesa de Carne')
INSERT INTO HAMBURGUESA_INGREDIENTE(CodIngrediente, IdHamburguesa, CantidadIngredientes) Values(12, 'H-06', '2 Chorizos')
INSERT INTO HAMBURGUESA_INGREDIENTE(CodIngrediente, IdHamburguesa, CantidadIngredientes) Values(9, 'H-06', '1 Tomate')
INSERT INTO HAMBURGUESA_INGREDIENTE(CodIngrediente, IdHamburguesa, CantidadIngredientes) Values(10, 'H-06', '10g de Salsa chimichurri')
INSERT INTO HAMBURGUESA_INGREDIENTE(CodIngrediente, IdHamburguesa, CantidadIngredientes) Values(2, 'H-06', '20g de Papas Fritas')

-- Hamburguesa Carretillera
INSERT INTO HAMBURGUESA_INGREDIENTE(CodIngrediente, IdHamburguesa, CantidadIngredientes) Values(1, 'H-07', '1 unidad de Pan')
INSERT INTO HAMBURGUESA_INGREDIENTE(CodIngrediente, IdHamburguesa, CantidadIngredientes) Values(4, 'H-07', '1 Hamburguesa de Carne')
INSERT INTO HAMBURGUESA_INGREDIENTE(CodIngrediente, IdHamburguesa, CantidadIngredientes) Values(13, 'H-07', '30g de Pollo deshilachado')
INSERT INTO HAMBURGUESA_INGREDIENTE(CodIngrediente, IdHamburguesa, CantidadIngredientes) Values(3, 'H-07', '20g de Papitas al hilo')
INSERT INTO HAMBURGUESA_INGREDIENTE(CodIngrediente, IdHamburguesa, CantidadIngredientes) Values(9, 'H-07', '1 Tomate')
INSERT INTO HAMBURGUESA_INGREDIENTE(CodIngrediente, IdHamburguesa, CantidadIngredientes) Values(6, 'H-07', '1 porción de Lechuga')

-- Hamburguesa Extrema
INSERT INTO HAMBURGUESA_INGREDIENTE(CodIngrediente, IdHamburguesa, CantidadIngredientes) Values(1, 'H-08', '1 unidad de Pan')
INSERT INTO HAMBURGUESA_INGREDIENTE(CodIngrediente, IdHamburguesa, CantidadIngredientes) Values(4, 'H-08', '2 Hamburguesas de Carne')
INSERT INTO HAMBURGUESA_INGREDIENTE(CodIngrediente, IdHamburguesa, CantidadIngredientes) Values(7, 'H-08', '1 porción de Queso Edam')
INSERT INTO HAMBURGUESA_INGREDIENTE(CodIngrediente, IdHamburguesa, CantidadIngredientes) Values(11, 'H-08', '2 Tocinos')
INSERT INTO HAMBURGUESA_INGREDIENTE(CodIngrediente, IdHamburguesa, CantidadIngredientes) Values(9, 'H-08', '1 Tomate')
INSERT INTO HAMBURGUESA_INGREDIENTE(CodIngrediente, IdHamburguesa, CantidadIngredientes) Values(6, 'H-08', '1 porción de Lechuga')

-- Hamburguesa a Lo Pobre
INSERT INTO HAMBURGUESA_INGREDIENTE(CodIngrediente, IdHamburguesa, CantidadIngredientes) Values(1, 'H-09', '1 unidad de Pan')
INSERT INTO HAMBURGUESA_INGREDIENTE(CodIngrediente, IdHamburguesa, CantidadIngredientes) Values(4, 'H-09', '1 Hamburguesa de Carne')
INSERT INTO HAMBURGUESA_INGREDIENTE(CodIngrediente, IdHamburguesa, CantidadIngredientes) Values(14, 'H-09', '1 Huevo Frito')
INSERT INTO HAMBURGUESA_INGREDIENTE(CodIngrediente, IdHamburguesa, CantidadIngredientes) Values(15, 'H-09', '2 porciones de Platano Frito')
INSERT INTO HAMBURGUESA_INGREDIENTE(CodIngrediente, IdHamburguesa, CantidadIngredientes) Values(9, 'H-09', '1 Tomate')
INSERT INTO HAMBURGUESA_INGREDIENTE(CodIngrediente, IdHamburguesa, CantidadIngredientes) Values(17, 'H-09', '3 porciones de Cebolla Blanca')

-- Hamburguesa con Jamon
INSERT INTO HAMBURGUESA_INGREDIENTE(CodIngrediente, IdHamburguesa, CantidadIngredientes) Values(1, 'H-10', '1 unidad de Pan')
INSERT INTO HAMBURGUESA_INGREDIENTE(CodIngrediente, IdHamburguesa, CantidadIngredientes) Values(4, 'H-10', '1 Hamburguesa de Carne')
INSERT INTO HAMBURGUESA_INGREDIENTE(CodIngrediente, IdHamburguesa, CantidadIngredientes) Values(15, 'H-10', '2 porciones de Platano Frito')
INSERT INTO HAMBURGUESA_INGREDIENTE(CodIngrediente, IdHamburguesa, CantidadIngredientes) Values(16, 'H-10', '2 porciones de Jamon ahumado')
INSERT INTO HAMBURGUESA_INGREDIENTE(CodIngrediente, IdHamburguesa, CantidadIngredientes) Values(17, 'H-10', '3 porciones de Cebolla')
INSERT INTO HAMBURGUESA_INGREDIENTE(CodIngrediente, IdHamburguesa, CantidadIngredientes) Values(19, 'H-10', '10g de Salsa de cocona')
INSERT INTO HAMBURGUESA_INGREDIENTE(CodIngrediente, IdHamburguesa, CantidadIngredientes) Values(6, 'H-10', '1 porción de Lechuga')

--DATOS COCINERO
INSERT INTO COCINERO(IdCocinero, NomCocinero, ApeCocinero, TelCocinero, DirCocinero) Values(1, 'Juan', 'Pérez', '123456789', 'Calle 1, Ciudad')
INSERT INTO COCINERO(IdCocinero, NomCocinero, ApeCocinero, TelCocinero, DirCocinero) Values(2, 'María', 'López', NULL, 'Calle 2, Ciudad')
INSERT INTO COCINERO(IdCocinero, NomCocinero, ApeCocinero, TelCocinero, DirCocinero) Values(3, 'Carlos', 'González', '987654321', NULL)
INSERT INTO COCINERO(IdCocinero, NomCocinero, ApeCocinero, TelCocinero, DirCocinero) Values(4, 'Ana', 'Rodríguez', NULL, NULL)

--DATOS COCINERO_HAMBURGUESA
INSERT INTO COCINERO_HAMBURGUESA(IdHamburguesa,IdCocinero,ExperCocinero) Values('H-01', 1, 'Experto')
INSERT INTO COCINERO_HAMBURGUESA(IdHamburguesa,IdCocinero,ExperCocinero) Values('H-01', 2, 'Experto')
INSERT INTO COCINERO_HAMBURGUESA(IdHamburguesa,IdCocinero,ExperCocinero) Values('H-01', 3, 'Intermedio')
INSERT INTO COCINERO_HAMBURGUESA(IdHamburguesa,IdCocinero) Values('H-01', 4)
INSERT INTO COCINERO_HAMBURGUESA(IdHamburguesa,IdCocinero,ExperCocinero) Values('H-02', 1, 'Experto')
INSERT INTO COCINERO_HAMBURGUESA(IdHamburguesa,IdCocinero,ExperCocinero) Values('H-02', 2, 'Intermedio')
INSERT INTO COCINERO_HAMBURGUESA(IdHamburguesa,IdCocinero,ExperCocinero) Values('H-02', 3, 'Experto')
INSERT INTO COCINERO_HAMBURGUESA(IdHamburguesa,IdCocinero) Values('H-02', 4)
INSERT INTO COCINERO_HAMBURGUESA(IdHamburguesa,IdCocinero,ExperCocinero) Values('H-03', 1, 'Experto')
INSERT INTO COCINERO_HAMBURGUESA(IdHamburguesa,IdCocinero,ExperCocinero) Values('H-03', 2, 'Experto')
INSERT INTO COCINERO_HAMBURGUESA(IdHamburguesa,IdCocinero,ExperCocinero) Values('H-03', 3, 'Intermedio')
INSERT INTO COCINERO_HAMBURGUESA(IdHamburguesa,IdCocinero) Values('H-03', 4)
INSERT INTO COCINERO_HAMBURGUESA(IdHamburguesa,IdCocinero,ExperCocinero) Values('H-04', 1, 'Experto')
INSERT INTO COCINERO_HAMBURGUESA(IdHamburguesa,IdCocinero,ExperCocinero) Values('H-04', 2, 'Intermedio')
INSERT INTO COCINERO_HAMBURGUESA(IdHamburguesa,IdCocinero,ExperCocinero) Values('H-04', 3, 'Intermedio')
INSERT INTO COCINERO_HAMBURGUESA(IdHamburguesa,IdCocinero) Values('H-04', 4)
INSERT INTO COCINERO_HAMBURGUESA(IdHamburguesa,IdCocinero,ExperCocinero) Values('H-05', 1, 'Intermedio')
INSERT INTO COCINERO_HAMBURGUESA(IdHamburguesa,IdCocinero,ExperCocinero) Values('H-05', 2, 'Intermedio')
INSERT INTO COCINERO_HAMBURGUESA(IdHamburguesa,IdCocinero,ExperCocinero) Values('H-05', 3, 'Intermedio')
INSERT INTO COCINERO_HAMBURGUESA(IdHamburguesa,IdCocinero) Values('H-05', 4)
INSERT INTO COCINERO_HAMBURGUESA(IdHamburguesa,IdCocinero,ExperCocinero) Values('H-06', 1, 'Experto')
INSERT INTO COCINERO_HAMBURGUESA(IdHamburguesa,IdCocinero,ExperCocinero) Values('H-06', 2, 'Experto')
INSERT INTO COCINERO_HAMBURGUESA(IdHamburguesa,IdCocinero) Values('H-06', 3)
INSERT INTO COCINERO_HAMBURGUESA(IdHamburguesa,IdCocinero) Values('H-06', 4)
INSERT INTO COCINERO_HAMBURGUESA(IdHamburguesa,IdCocinero,ExperCocinero) Values('H-07', 1, 'Experto')
INSERT INTO COCINERO_HAMBURGUESA(IdHamburguesa,IdCocinero,ExperCocinero) Values('H-07', 2, 'Intermedio')
INSERT INTO COCINERO_HAMBURGUESA(IdHamburguesa,IdCocinero,ExperCocinero) Values('H-07', 3, 'Intermedio')
INSERT INTO COCINERO_HAMBURGUESA(IdHamburguesa,IdCocinero) Values('H-07', 4)
INSERT INTO COCINERO_HAMBURGUESA(IdHamburguesa,IdCocinero,ExperCocinero) Values('H-08', 1, 'Experto')
INSERT INTO COCINERO_HAMBURGUESA(IdHamburguesa,IdCocinero) Values('H-08', 2)
INSERT INTO COCINERO_HAMBURGUESA(IdHamburguesa,IdCocinero,ExperCocinero) Values('H-08', 3, 'Intermedio')
INSERT INTO COCINERO_HAMBURGUESA(IdHamburguesa,IdCocinero) Values('H-08', 4)
INSERT INTO COCINERO_HAMBURGUESA(IdHamburguesa,IdCocinero,ExperCocinero) Values('H-09', 1, 'Intermedio')
INSERT INTO COCINERO_HAMBURGUESA(IdHamburguesa,IdCocinero,ExperCocinero) Values('H-09', 2, 'Experto')
INSERT INTO COCINERO_HAMBURGUESA(IdHamburguesa,IdCocinero,ExperCocinero) Values('H-09', 3, 'Intermedio')
INSERT INTO COCINERO_HAMBURGUESA(IdHamburguesa,IdCocinero) Values('H-09', 4)
INSERT INTO COCINERO_HAMBURGUESA(IdHamburguesa,IdCocinero,ExperCocinero) Values('H-10', 1, 'Experto')
INSERT INTO COCINERO_HAMBURGUESA(IdHamburguesa,IdCocinero,ExperCocinero) Values('H-10', 2, 'Intermedio')
INSERT INTO COCINERO_HAMBURGUESA(IdHamburguesa,IdCocinero) Values('H-10', 3)
